target,source,neighbor1,neighbor2,neighbor3,target_lon,target_lat,source_lon,source_lat
4440,4471,4497,,,118.751056271,30.9209090950001,118.733407433,30.9240550690001
4440,4497,4471,,,118.751056271,30.9209090950001,118.764629799,30.926687842
4471,4496,4493,4440.0,,118.733407433,30.9240550690001,118.729294252,30.9269730350001
4471,4440,4496,4493.0,,118.733407433,30.9240550690001,118.751056271,30.9209090950001
4471,4493,4496,4440.0,,118.733407433,30.9240550690001,118.736351565,30.9267130750001
4493,4471,4521,4562.0,,118.736351565,30.9267130750001,118.733407433,30.9240550690001
4493,4562,4521,4471.0,,118.736351565,30.9267130750001,118.744551331,30.9331701630001
4493,4521,4471,4562.0,,118.736351565,30.9267130750001,118.736583455,30.930185931
4496,4518,4471,4539.0,,118.729294252,30.9269730350001,118.725067125,30.9299801010001
4496,4471,4518,4539.0,,118.729294252,30.9269730350001,118.733407433,30.9240550690001
4496,4539,4471,4518.0,,118.729294252,30.9269730350001,118.732547421,30.932228223
4497,4440,4526,4536.0,,118.764629799,30.926687842,118.751056271,30.9209090950001
4497,4526,4536,4440.0,,118.764629799,30.926687842,118.773466815,30.928929752
4497,4536,4526,4440.0,,118.764629799,30.926687842,118.757300215,30.931603098
4518,4556,4496,4565.0,,118.725067125,30.9299801010001,118.720366092,30.9333274580001
4518,4496,4565,4556.0,,118.725067125,30.9299801010001,118.729294252,30.9269730350001
4518,4565,4556,4496.0,,118.725067125,30.9299801010001,118.728212366,30.9343747550001
4521,4493,4539,4605.0,,118.736583455,30.930185931,118.736351565,30.9267130750001
4521,4539,4493,4605.0,,118.736583455,30.930185931,118.732547421,30.932228223
4521,4605,4493,4539.0,,118.736583455,30.930185931,118.736906635,30.936118166
4526,4554,4497,9001.0,,118.773466815,30.928929752,118.768301862,30.9326119150001
4526,4497,9001,4554.0,,118.773466815,30.928929752,118.764629799,30.926687842
4526,9001,4554,4497.0,,118.773466815,30.928929752,118.778407789,30.930601649
4536,4554,4635,4497.0,4562.0,118.757300215,30.931603098,118.768301862,30.9326119150001
4536,4635,4562,4497.0,4554.0,118.757300215,30.931603098,118.755828212,30.9383664700001
4536,4497,4554,4635.0,4562.0,118.757300215,30.931603098,118.764629799,30.926687842
4536,4562,4635,4554.0,4497.0,118.757300215,30.931603098,118.744551331,30.9331701630001
4539,4496,4616,4521.0,4565.0,118.732547421,30.932228223,118.729294252,30.9269730350001
4539,4565,4616,4521.0,4496.0,118.732547421,30.932228223,118.728212366,30.9343747550001
4539,4521,4565,4616.0,4496.0,118.732547421,30.932228223,118.736583455,30.930185931
4539,4616,4496,4521.0,4565.0,118.732547421,30.932228223,118.734355454,30.937019531
4554,4563,4536,4526.0,4634.0,118.768301862,30.9326119150001,118.773508757,30.933634639
4554,4634,4563,4526.0,4536.0,118.768301862,30.9326119150001,118.766881403,30.938042103
4554,4526,4563,4536.0,4634.0,118.768301862,30.9326119150001,118.773466815,30.928929752
4554,4536,4526,4634.0,4563.0,118.768301862,30.9326119150001,118.757300215,30.931603098
4556,4607,4608,4518.0,,118.720366092,30.9333274580001,118.715724096,30.9366187300001
4556,4518,4607,4608.0,,118.720366092,30.9333274580001,118.725067125,30.9299801010001
4556,4608,4518,4607.0,,118.720366092,30.9333274580001,118.723423745,30.93659868
4562,4536,4493,4651.0,4589.0,118.744551331,30.9331701630001,118.757300215,30.931603098
4562,4651,4493,4589.0,4536.0,118.744551331,30.9331701630001,118.751313828,30.939949406
4562,4493,4589,4536.0,4651.0,118.744551331,30.9331701630001,118.736351565,30.9267130750001
4562,4589,4536,4493.0,4651.0,118.744551331,30.9331701630001,118.739577563,30.9351472700001
4563,4615,4554,4642.0,9001.0,118.773508757,30.933634639,118.781728318,30.936102728
4563,4554,4615,4642.0,9001.0,118.773508757,30.933634639,118.768301862,30.9326119150001
4563,4642,4554,9001.0,4615.0,118.773508757,30.933634639,118.772031929,30.938383926
4563,9001,4554,4642.0,4615.0,118.773508757,30.933634639,118.778407789,30.930601649
4565,4518,4608,4539.0,4603.0,118.728212366,30.9343747550001,118.725067125,30.9299801010001
4565,4608,4539,4518.0,4603.0,118.728212366,30.9343747550001,118.723423745,30.93659868
4565,4539,4518,4608.0,4603.0,118.728212366,30.9343747550001,118.732547421,30.932228223
4565,4603,4539,4608.0,4518.0,118.728212366,30.9343747550001,118.729375318,30.936172577
4579,4615,9001,,,118.784692677,30.93368516,118.781728318,30.936102728
4579,9001,4615,,,118.784692677,30.93368516,118.778407789,30.930601649
4589,4562,4660,4605.0,,118.739577563,30.9351472700001,118.744551331,30.9331701630001
4589,4660,4605,4562.0,,118.739577563,30.9351472700001,118.743669333,30.9405009490001
4589,4605,4562,4660.0,,118.739577563,30.9351472700001,118.736906635,30.936118166
4603,4565,4630,4624.0,,118.729375318,30.936172577,118.728212366,30.9343747550001
4603,4624,4630,4565.0,,118.729375318,30.936172577,118.724601414,30.9380445960001
4603,4630,4624,4565.0,,118.729375318,30.936172577,118.730885966,30.9383085260001
4605,4521,4589,4616.0,4671.0,118.736906635,30.936118166,118.736583455,30.930185931
4605,4589,4616,4521.0,4671.0,118.736906635,30.936118166,118.739577563,30.9351472700001
4605,4616,4589,4521.0,4671.0,118.736906635,30.936118166,118.734355454,30.937019531
4605,4671,4521,4589.0,4616.0,118.736906635,30.936118166,118.737292012,30.9418301260001
4607,4645,4556,,,118.715724096,30.9366187300001,118.712270196,30.9398837000001
4607,4556,4645,,,118.715724096,30.9366187300001,118.720366092,30.9333274580001
4608,4556,4624,4565.0,,118.723423745,30.93659868,118.720366092,30.9333274580001
4608,4565,4624,4556.0,,118.723423745,30.93659868,118.728212366,30.9343747550001
4608,4624,4556,4565.0,,118.723423745,30.93659868,118.724601414,30.9380445960001
4615,4663,8364,4579.0,4563.0,118.781728318,30.936102728,118.776948418,30.9404856200001
4615,8364,4563,4579.0,4663.0,118.781728318,30.936102728,118.785463947,30.940945325
4615,4563,4579,4663.0,8364.0,118.781728318,30.936102728,118.773508757,30.933634639
4615,4579,4563,4663.0,8364.0,118.781728318,30.936102728,118.784692677,30.93368516
4616,4539,4630,4605.0,,118.734355454,30.937019531,118.732547421,30.932228223
4616,4605,4630,4539.0,,118.734355454,30.937019531,118.736906635,30.936118166
4616,4630,4539,4605.0,,118.734355454,30.937019531,118.730885966,30.9383085260001
4624,4608,4603,4650.0,4655.0,118.724601414,30.9380445960001,118.723423745,30.93659868
4624,4650,4603,4655.0,4608.0,118.724601414,30.9380445960001,118.726312862,30.940129712
4624,4655,4650,4603.0,4608.0,118.724601414,30.9380445960001,118.719954234,30.940641536
4624,4603,4608,4650.0,4655.0,118.724601414,30.9380445960001,118.729375318,30.936172577
4630,4603,4650,4616.0,4680.0,118.730885966,30.9383085260001,118.729375318,30.936172577
4630,4616,4603,4650.0,4680.0,118.730885966,30.9383085260001,118.734355454,30.937019531
4630,4650,4680,4603.0,4616.0,118.730885966,30.9383085260001,118.726312862,30.940129712
4630,4680,4603,4616.0,4650.0,118.730885966,30.9383085260001,118.733071939,30.9426763230001
4634,4642,4554,4664.0,4732.0,118.766881403,30.938042103,118.772031929,30.938383926
4634,4732,4664,4554.0,4642.0,118.766881403,30.938042103,118.768016088,30.943899801
4634,4554,4642,4732.0,4664.0,118.766881403,30.938042103,118.768301862,30.9326119150001
4634,4664,4732,4554.0,4642.0,118.766881403,30.938042103,118.761974005,30.9407915630001
4635,4651,4664,4536.0,,118.755828212,30.9383664700001,118.751313828,30.939949406
4635,4536,4651,4664.0,,118.755828212,30.9383664700001,118.757300215,30.931603098
4635,4664,4651,4536.0,,118.755828212,30.9383664700001,118.761974005,30.9407915630001
4642,4563,4634,4663.0,,118.772031929,30.938383926,118.773508757,30.933634639
4642,4663,4634,4563.0,,118.772031929,30.938383926,118.776948418,30.9404856200001
4642,4634,4663,4563.0,,118.772031929,30.938383926,118.766881403,30.938042103
4645,4802,4607,4666.0,,118.712270196,30.9398837000001,118.70831375,30.946824792
4645,4607,4666,4802.0,,118.712270196,30.9398837000001,118.715724096,30.9366187300001
4645,4666,4802,4607.0,,118.712270196,30.9398837000001,118.71440568,30.941672313
4650,4630,4624,4708.0,4690.0,118.726312862,30.940129712,118.730885966,30.9383085260001
4650,4708,4690,4630.0,4624.0,118.726312862,30.940129712,118.729228876,30.9439322490001
4650,4624,4690,4630.0,4708.0,118.726312862,30.940129712,118.724601414,30.9380445960001
4650,4690,4630,4624.0,4708.0,118.726312862,30.940129712,118.722518289,30.9430974840001
4651,4662,4562,4635.0,4697.0,118.751313828,30.939949406,118.749514443,30.9407233000001
4651,4697,4562,4635.0,4662.0,118.751313828,30.939949406,118.751139743,30.942927324
4651,4562,4635,4697.0,4662.0,118.751313828,30.939949406,118.744551331,30.9331701630001
4651,4635,4562,4697.0,4662.0,118.751313828,30.939949406,118.755828212,30.9383664700001
4655,4674,4624,4690.0,,118.719954234,30.940641537,118.718252493,30.9425282130001
4655,4624,4674,4690.0,,118.719954234,30.940641537,118.724601414,30.9380445960001
4655,4690,4624,4674.0,,118.719954234,30.940641537,118.722518289,30.9430974840001
4660,4671,4589,4689.0,,118.743669333,30.9405009490001,118.737292012,30.9418301260001
4660,4689,4589,4671.0,,118.743669333,30.9405009490001,118.745070627,30.9427514440001
4660,4589,4689,4671.0,,118.743669333,30.9405009490001,118.739577563,30.9351472700001
4662,4689,4694,4651.0,,118.749514443,30.9407233000001,118.745070627,30.9427514440001
4662,4694,4689,4651.0,,118.749514443,30.9407233000001,118.748259798,30.9428108720001
4662,4651,4694,4689.0,,118.749514443,30.9407233000001,118.751313828,30.939949406
4663,4745,4642,4615.0,,118.776948418,30.9404856200001,118.773995411,30.944222605
4663,4615,4745,4642.0,,118.776948418,30.9404856200001,118.781728318,30.936102728
4663,4642,4615,4745.0,,118.776948418,30.9404856200001,118.772031929,30.938383926
4664,4634,4724,4635.0,,118.761974005,30.9407915630001,118.766881403,30.938042103
4664,4635,4724,4634.0,,118.761974005,30.9407915630001,118.755828212,30.9383664700001
4664,4724,4634,4635.0,,118.761974005,30.9407915630001,118.762594379,30.943569451
4666,4645,4713,,,118.71440568,30.941672313,118.712270196,30.9398837000001
4666,4713,4645,,,118.71440568,30.941672313,118.716935851,30.943971881
4671,4605,4819,4660.0,4680.0,118.737292012,30.9418301260001,118.736906635,30.936118166
4671,4680,4819,4605.0,4660.0,118.737292012,30.9418301260001,118.733071939,30.9426763230001
4671,4660,4819,4605.0,4680.0,118.737292012,30.9418301260001,118.743669333,30.9405009490001
4671,4819,4660,4680.0,4605.0,118.737292012,30.9418301260001,118.737720491,30.9468659400001
4674,4713,4655,4742.0,,118.718246538,30.942534574,118.716935851,30.943971881
4674,4655,4713,4742.0,,118.718246538,30.942534574,118.719954234,30.940641536
4674,4742,4655,4713.0,,118.718246538,30.942534574,118.721537826,30.9448980450001
4680,4630,4671,4708.0,4855.0,118.733071939,30.9426763230001,118.730885966,30.9383085260001
4680,4708,4671,4855.0,4630.0,118.733071939,30.9426763230001,118.729228876,30.9439322490001
4680,4671,4708,4855.0,4630.0,118.733071939,30.9426763230001,118.737292012,30.9418301260001
4680,4855,4671,4630.0,4708.0,118.733071939,30.9426763230001,118.735008726,30.9488618130001
4689,4694,4662,4660.0,4819.0,118.745070627,30.9427514440001,118.748259798,30.9428108720001
4689,4819,4660,4694.0,4662.0,118.745070627,30.9427514440001,118.737720491,30.9468659400001
4689,4660,4662,4694.0,4819.0,118.745070627,30.9427514440001,118.743669333,30.9405009490001
4689,4662,4694,4660.0,4819.0,118.745070627,30.9427514440001,118.749514443,30.9407233000001
4690,4650,4742,4655.0,,118.722518289,30.9430974840001,118.726312862,30.940129712
4690,4655,4742,4650.0,,118.722518289,30.9430974840001,118.719954234,30.940641536
4690,4742,4650,4655.0,,118.722518289,30.9430974840001,118.721537826,30.9448980450001
4694,4697,4662,4808.0,4689.0,118.748259798,30.9428108720001,118.751139743,30.942927324
4694,4808,4662,4689.0,4697.0,118.748259798,30.9428108720001,118.747392293,30.9464083500001
4694,4662,4697,4689.0,4808.0,118.748259798,30.9428108720001,118.749514443,30.9407233000001
4694,4689,4662,4697.0,4808.0,118.748259798,30.9428108720001,118.745070627,30.9427514440001
4697,4706,4694,4651.0,4806.0,118.751139743,30.942927324,118.755423267,30.9431676560001
4697,4806,4694,4706.0,4651.0,118.751139743,30.942927324,118.751063137,30.9463499120001
4697,4651,4706,4806.0,4694.0,118.751139743,30.942927324,118.751313828,30.939949406
4697,4694,4806,4706.0,4651.0,118.751139743,30.942927324,118.748259798,30.9428108720001
4706,4724,4697,4835.0,,118.755423267,30.9431676560001,118.762594379,30.943569451
4706,4835,4697,4724.0,,118.755423267,30.9431676560001,118.755368381,30.94769187
4706,4697,4724,4835.0,,118.755423267,30.9431676560001,118.751139743,30.942927324
4708,9173,4650,4680.0,,118.729228876,30.9439322490001,118.725274108,30.947814592
4708,4650,9173,4680.0,,118.729228876,30.9439322490001,118.726312862,30.940129712
4708,4680,9173,4650.0,,118.729228876,30.9439322490001,118.733071939,30.9426763230001
4713,4666,4674,4794.0,,118.716935851,30.943971881,118.71440568,30.941672313
4713,4674,4794,4666.0,,118.716935851,30.943971881,118.718252493,30.9425282130001
4713,4794,4666,4674.0,,118.716935851,30.943971881,118.720732459,30.9464968670001
4724,4664,4863,4706.0,4732.0,118.762594379,30.943569451,118.761974005,30.9407915630001
4724,4732,4664,4863.0,4706.0,118.762594379,30.943569451,118.768016088,30.943899801
4724,4863,4706,4732.0,4664.0,118.762594379,30.943569451,118.763340547,30.948762093
4724,4706,4664,4732.0,4863.0,118.762594379,30.943569451,118.755423267,30.9431676560001
4732,4745,4634,4881.0,4724.0,118.768016088,30.943899801,118.773995411,30.944222605
4732,4881,4745,4724.0,4634.0,118.768016088,30.943899801,118.767798749,30.948992624
4732,4634,4724,4881.0,4745.0,118.768016088,30.943899801,118.766881403,30.938042103
4732,4724,4881,4634.0,4745.0,118.768016088,30.943899801,118.762594379,30.943569451
4742,4674,4690,4794.0,,118.721537826,30.9448980450001,118.718252493,30.9425282130001
4742,4690,4794,4674.0,,118.721537826,30.9448980450001,118.722518289,30.9430974840001
4742,4794,4690,4674.0,,118.721537826,30.9448980450001,118.720732459,30.9464968670001
4745,4758,4732,4663.0,,118.773995411,30.944222605,118.780151072,30.944602473
4745,4663,4758,4732.0,,118.773995411,30.944222605,118.776948418,30.9404856200001
4745,4732,4758,4663.0,,118.773995411,30.944222605,118.768016088,30.943899801
4758,4779,4832,8363.0,4745.0,118.780151072,30.944602473,118.78561444,30.9449172930001
4758,8363,4745,4779.0,4832.0,118.780151072,30.944602473,118.779591893,30.9422432430001
4758,4745,8363,4779.0,4832.0,118.780151072,30.944602473,118.773995411,30.944222605
4758,4832,8363,4745.0,4779.0,118.780151072,30.944602473,118.779618277,30.9471851870001
4779,4758,4852,8364.0,,118.78561444,30.9449172930001,118.780151072,30.944602473
4779,4852,4758,8364.0,,118.78561444,30.9449172930001,118.785270957,30.94797349
4779,8364,4852,4758.0,,118.78561444,30.9449172930001,118.785463947,30.940945325
4794,4713,4899,4742.0,9173.0,118.720732459,30.9464968670001,118.716935851,30.943971881
4794,4742,9173,4899.0,4713.0,118.720732459,30.9464968670001,118.721537826,30.9448980450001
4794,4899,4742,4713.0,9173.0,118.720732459,30.9464968670001,118.718842415,30.9503003290001
4794,9173,4899,4742.0,4713.0,118.720732459,30.9464968670001,118.725274108,30.947814592
4802,4895,4645,,,118.70831375,30.946824792,118.706734957,30.9503183310001
4802,4645,4895,,,118.70831375,30.946824792,118.712270196,30.9398837000001
4806,4835,4697,4927.0,4808.0,118.751063137,30.9463499120001,118.755368381,30.94769187
4806,4927,4697,4808.0,4835.0,118.751063137,30.9463499120001,118.750860788,30.951414963
4806,4697,4835,4808.0,4927.0,118.751063137,30.9463499120001,118.751139743,30.942927324
4806,4808,4697,4927.0,4835.0,118.751063137,30.9463499120001,118.747392293,30.9464083500001
4808,4806,4893,4694.0,,118.747392293,30.9464083500001,118.751063137,30.9463499120001
4808,4893,4694,4806.0,,118.747392293,30.9464083500001,118.745969182,30.949775652
4808,4694,4893,4806.0,,118.747392293,30.9464083500001,118.748259798,30.9428108720001
4819,4671,4855,4689.0,4879.0,118.737720491,30.9468659400001,118.737292012,30.9418301260001
4819,4855,4689,4879.0,4671.0,118.737720491,30.9468659400001,118.735008726,30.9488618130001
4819,4689,4671,4879.0,4855.0,118.737720491,30.9468659400001,118.745070627,30.9427514440001
4819,4879,4855,4671.0,4689.0,118.737720491,30.9468659400001,118.73797604,30.949325426
4832,4758,8365,4852.0,4918.0,118.779618277,30.9471851870001,118.780151072,30.944602473
4832,4852,4758,4918.0,8365.0,118.779618277,30.9471851870001,118.785270957,30.94797349
4832,8365,4758,4918.0,4852.0,118.779618277,30.9471851870001,118.774852946,30.946473091
4832,4918,4852,8365.0,4758.0,118.779618277,30.9471851870001,118.778870079,30.950416913
4835,4854,4706,4944.0,4806.0,118.755368381,30.94769187,118.759508859,30.9483909530001
4835,4944,4854,4706.0,4806.0,118.755368381,30.94769187,118.754292166,30.952041588
4835,4706,4854,4944.0,4806.0,118.755368381,30.94769187,118.755423267,30.9431676560001
4835,4806,4706,4854.0,4944.0,118.755368381,30.94769187,118.751063137,30.9463499120001
4852,4779,4942,4832.0,,118.785270957,30.94797349,118.78561444,30.9449172930001
4852,4832,4942,4779.0,,118.785270957,30.94797349,118.779618277,30.9471851870001
4852,4942,4832,4779.0,,118.785270957,30.94797349,118.784837679,30.9512558480001
4854,4863,4961,4835.0,,118.759508859,30.9483909530001,118.763340547,30.948762093
4854,4835,4863,4961.0,,118.759508859,30.9483909530001,118.755368381,30.94769187
4854,4961,4835,4863.0,,118.759508859,30.9483909530001,118.75800921,30.9524772400001
4855,4680,4819,4920.0,,118.735008726,30.9488618130001,118.733071939,30.9426763230001
4855,4920,4819,4680.0,,118.735008726,30.9488618130001,118.731673147,30.9512692370001
4855,4819,4680,4920.0,,118.735008726,30.9488618130001,118.737720491,30.9468659400001
4863,4881,4854,4904.0,4724.0,118.763340547,30.948762093,118.767798749,30.948992624
4863,4904,4854,4881.0,4724.0,118.763340547,30.948762093,118.763508959,30.9499929790001
4863,4724,4854,4904.0,4881.0,118.763340547,30.948762093,118.762594379,30.943569451
4863,4854,4724,4881.0,4904.0,118.763340547,30.948762093,118.759508859,30.9483909530001
4879,4819,4893,4938.0,,118.73797604,30.949325426,118.737720491,30.9468659400001
4879,4893,4819,4938.0,,118.73797604,30.949325426,118.745969182,30.949775652
4879,4938,4893,4819.0,,118.73797604,30.949325426,118.738259572,30.951852221
4881,4732,4863,,,118.767798749,30.948992624,118.768016088,30.943899801
4881,4863,4732,,,118.767798749,30.948992624,118.763340547,30.948762093
4893,4879,4808,4907.0,4927.0,118.745969182,30.949775652,118.73797604,30.949325426
4893,4907,4927,4808.0,4879.0,118.745969182,30.949775652,118.745590468,30.950591549
4893,4808,4907,4879.0,4927.0,118.745969182,30.949775652,118.747392293,30.9464083500001
4893,4927,4808,4907.0,4879.0,118.745969182,30.949775652,118.750860788,30.951414963
4895,5105,4972,4802.0,,118.706734957,30.9503183310001,118.703461746,30.9616635450001
4895,4802,4972,5105.0,,118.706734957,30.9503183310001,118.70831375,30.946824792
4895,4972,4802,5105.0,,118.706734957,30.9503183310001,118.717363902,30.95324255
4899,4794,4972,,,118.718842415,30.9503003290001,118.720732459,30.9464968670001
4899,4972,4794,,,118.718842415,30.9503003290001,118.717363902,30.95324255
4904,4973,4863,,,118.763508959,30.9499929790001,118.763825315,30.952785773
4904,4863,4973,,,118.763508959,30.9499929790001,118.763340547,30.948762093
4907,4950,5010,4893.0,,118.745590468,30.950591549,118.744851304,30.952183963
4907,4893,4950,5010.0,,118.745590468,30.950591549,118.745969182,30.949775652
4907,5010,4950,4893.0,,118.745590468,30.950591549,118.748829046,30.9545267240001
4917,4918,8365,5005.0,,118.773475142,30.9496605640001,118.778870079,30.950416913
4917,8365,4918,5005.0,,118.773475142,30.9496605640001,118.774852946,30.946473091
4917,5005,8365,4918.0,,118.773475142,30.9496605640001,118.772823689,30.953919491
4918,4832,4917,5017.0,4942.0,118.778870079,30.950416913,118.779618277,30.9471851870001
4918,4942,4832,5017.0,4917.0,118.778870079,30.950416913,118.784837679,30.9512558480001
4918,4917,5017,4942.0,4832.0,118.778870079,30.950416913,118.773475142,30.9496605640001
4918,5017,4917,4832.0,4942.0,118.778870079,30.950416913,118.778284321,30.954542981
4920,5055,4855,9161.0,9173.0,118.731673147,30.9512692370001,118.717041945,30.9573654800001
4920,9161,4855,9173.0,5055.0,118.731673147,30.9512692370001,118.732821048,30.95300501
4920,9173,5055,4855.0,9161.0,118.731673147,30.9512692370001,118.725274108,30.947814592
4920,4855,9173,5055.0,9161.0,118.731673147,30.9512692370001,118.735008726,30.9488618130001
4927,4893,5010,4944.0,4806.0,118.750860788,30.951414963,118.745969182,30.949775652
4927,5010,4944,4806.0,4893.0,118.750860788,30.951414963,118.748829046,30.9545267240001
4927,4806,4944,4893.0,5010.0,118.750860788,30.951414963,118.751063137,30.9463499120001
4927,4944,5010,4893.0,4806.0,118.750860788,30.951414963,118.754292166,30.952041588
4938,4879,5012,4950.0,,118.738259572,30.951852221,118.73797604,30.949325426
4938,4950,5012,4879.0,,118.738259572,30.951852221,118.744851304,30.952183963
4938,5012,4879,4950.0,,118.738259572,30.951852221,118.738645548,30.954660059
4942,4852,4918,5026.0,,118.784837679,30.9512558480001,118.785270957,30.94797349
4942,4918,5026,4852.0,,118.784837679,30.9512558480001,118.778870079,30.950416913
4942,5026,4852,4918.0,,118.784837679,30.9512558480001,118.783753919,30.9551998600001
4944,4927,4835,4961.0,,118.754292166,30.952041588,118.750860788,30.951414963
4944,4835,4961,4927.0,,118.754292166,30.952041588,118.755368381,30.94769187
4944,4961,4835,4927.0,,118.754292166,30.952041588,118.75800921,30.9524772400001
4950,5021,4907,4938.0,,118.744851304,30.952183963,118.743572755,30.955109684
4950,4907,5021,4938.0,,118.744851304,30.952183963,118.745590468,30.950591549
4950,4938,5021,4907.0,,118.744851304,30.952183963,118.738259572,30.951852221
4961,4854,4944,4973.0,5061.0,118.75800921,30.9524772400001,118.759508859,30.9483909530001
4961,4944,4854,5061.0,4973.0,118.75800921,30.9524772400001,118.754292166,30.952041588
4961,5061,4944,4973.0,4854.0,118.75800921,30.9524772400001,118.752551932,30.957420164
4961,4973,4854,4944.0,5061.0,118.75800921,30.9524772400001,118.763825315,30.952785773
4972,4895,5055,4899.0,,118.717363902,30.95324255,118.706734957,30.9503183310001
4972,4899,4895,5055.0,,118.717363902,30.95324255,118.718842415,30.9503003290001
4972,5055,4899,4895.0,,118.717363902,30.95324255,118.717041945,30.9573654800001
4973,4961,9164,4904.0,5005.0,118.763825315,30.952785773,118.75800921,30.9524772400001
4973,9164,5005,4961.0,4904.0,118.763825315,30.952785773,118.760074991,30.9554838130001
4973,4904,9164,4961.0,5005.0,118.763825315,30.952785773,118.763508959,30.9499929790001
4973,5005,4961,4904.0,9164.0,118.763825315,30.952785773,118.772823689,30.953919491
5005,4917,5017,4973.0,,118.772823689,30.953919491,118.773475142,30.9496605640001
5005,5017,4973,4917.0,,118.772823689,30.953919491,118.778284321,30.954542981
5005,4973,5017,4917.0,,118.772823689,30.953919491,118.763825315,30.952785773
5010,4907,4927,9163.0,,118.748829046,30.9545267240001,118.745590468,30.950591549
5010,9163,4907,4927.0,,118.748829046,30.9545267240001,118.748407269,30.955749192
5010,4927,4907,9163.0,,118.748829046,30.9545267240001,118.750860788,30.951414963
5012,4938,8352,5021.0,9161.0,118.738645548,30.954660059,118.738259572,30.951852221
5012,5021,9161,4938.0,8352.0,118.738645548,30.954660059,118.743572755,30.955109684
5012,8352,5021,9161.0,4938.0,118.738645548,30.954660059,118.739394924,30.9599127320001
5012,9161,5021,8352.0,4938.0,118.738645548,30.954660059,118.732821048,30.95300501
5017,4918,5005,5026.0,,118.778284321,30.954542981,118.778870079,30.950416913
5017,5005,4918,5026.0,,118.778284321,30.954542981,118.772823689,30.953919491
5017,5026,4918,5005.0,,118.778284321,30.954542981,118.783753919,30.9551998600001
5021,5082,9163,4950.0,5012.0,118.743572755,30.955109684,118.743470395,30.959165506
5021,9163,5082,5012.0,4950.0,118.743572755,30.955109684,118.748407269,30.955749192
5021,4950,9163,5012.0,5082.0,118.743572755,30.955109684,118.744851304,30.952183963
5021,5012,5082,4950.0,9163.0,118.743572755,30.955109684,118.738645548,30.954660059
5026,4942,5017,,,118.783753919,30.9551998600001,118.784837679,30.9512558480001
5026,5017,4942,,,118.783753919,30.9551998600001,118.778284321,30.954542981
5055,4972,8346,4920.0,8348.0,118.717041945,30.9573654800001,118.717363902,30.95324255
5055,8348,4920,8346.0,4972.0,118.717041945,30.9573654800001,118.710282471,30.9609497070001
5055,4920,4972,8346.0,8348.0,118.717041945,30.9573654800001,118.731673147,30.9512692370001
5055,8346,8348,4972.0,4920.0,118.717041945,30.9573654800001,118.719674,30.9634390000001
5061,4961,5132,,,118.752551932,30.957420164,118.75800921,30.9524772400001
5061,5132,4961,,,118.752551932,30.957420164,118.751020904,30.9638525720001
5082,5123,8352,9162.0,5021.0,118.743470395,30.959165506,118.743487199,30.9633389470001
5082,8352,5123,5021.0,9162.0,118.743470395,30.959165506,118.739394924,30.9599127320001
5082,9162,8352,5021.0,5123.0,118.743470395,30.959165506,118.748142484,30.958507082
5082,5021,9162,8352.0,5123.0,118.743470395,30.959165506,118.743572755,30.955109684
5100,5122,5120,9156.0,,118.735476954,30.962805819,118.739857954,30.963158288
5100,9156,5120,5122.0,,118.735476954,30.962805819,118.734470647,30.9667945850001
5100,5120,5122,9156.0,,118.735476954,30.962805819,118.73109559,30.961852102
5105,4895,8348,,,118.703461746,30.9616635450001,118.706734957,30.9503183310001
5105,8348,4895,,,118.703461746,30.9616635450001,118.710282471,30.9609497070001
5120,5100,9158,,,118.73109559,30.961852102,118.735476954,30.962805819
5120,9158,5100,,,118.73109559,30.961852102,118.729402077,30.9648330270001
5122,8352,5100,5123.0,9174.0,118.739857954,30.963158288,118.739394924,30.9599127320001
5122,5100,5123,9174.0,8352.0,118.739857954,30.963158288,118.735476954,30.962805819
5122,5123,8352,5100.0,9174.0,118.739857954,30.963158288,118.743487199,30.9633389470001
5122,9174,5123,8352.0,5100.0,118.739857954,30.963158288,118.740330187,30.967412085
5123,5122,5126,5082.0,9175.0,118.743487199,30.9633389470001,118.739857954,30.963158288
5123,9175,5126,5122.0,5082.0,118.743487199,30.9633389470001,118.742998339,30.967663805
5123,5082,5126,5122.0,9175.0,118.743487199,30.9633389470001,118.743470395,30.959165506
5123,5126,5082,9175.0,5122.0,118.743487199,30.9633389470001,118.748333193,30.9637270060001
5126,5123,5132,9162.0,9176.0,118.748333193,30.9637270060001,118.743487199,30.9633389470001
5126,5132,5123,9162.0,9176.0,118.748333193,30.9637270060001,118.751020904,30.9638525720001
5126,9176,5123,5132.0,9162.0,118.748333193,30.9637270060001,118.745135095,30.9685013760001
5126,9162,9176,5123.0,5132.0,118.748333193,30.9637270060001,118.748142484,30.958507082
5132,5061,5126,,,118.751020904,30.9638525720001,118.752551932,30.957420164
5132,5126,5061,,,118.751020904,30.9638525720001,118.748333193,30.9637270060001
5190,9155,9174,8359.0,5193.0,118.740815597,30.9717950520001,118.733361229,30.9709843030001
5190,9174,5193,9155.0,8359.0,118.740815597,30.9717950520001,118.740330187,30.967412085
5190,5193,9174,9155.0,8359.0,118.740815597,30.9717950520001,118.740915508,30.9726495520001
5190,8359,9174,9155.0,5193.0,118.740815597,30.9717950520001,118.742769182,30.971857555
5193,5190,8359,,,118.740915508,30.9726495520001,118.740815597,30.9717950520001
5193,8359,5190,,,118.740915508,30.9726495520001,118.742769182,30.971857555
8345,9157,9155,,,118.72985213,30.9696186910001,118.727295397,30.968541207
8345,9155,9157,,,118.72985213,30.9696186910001,118.733361229,30.9709843030001
8346,5055,9159,8348.0,,118.719690803,30.963426715,118.717041945,30.9573654800001
8346,8348,5055,9159.0,,118.719690803,30.963426715,118.710282471,30.9609497070001
8346,9159,8348,5055.0,,118.719690803,30.963426715,118.724463493,30.967314286
8348,5105,8346,5055.0,,118.710282471,30.9609497070001,118.703461746,30.9616635450001
8348,5055,5105,8346.0,,118.710282471,30.9609497070001,118.717041945,30.9573654800001
8348,8346,5105,5055.0,,118.710282471,30.9609497070001,118.719674,30.9634390000001
8352,5012,5122,5082.0,,118.739394924,30.9599127320001,118.738645548,30.954660059
8352,5082,5122,5012.0,,118.739394924,30.9599127320001,118.743470395,30.959165506
8352,5122,5012,5082.0,,118.739394924,30.9599127320001,118.739857954,30.963158288
8359,5190,5193,9176.0,,118.742769182,30.971857555,118.740815597,30.9717950520001
8359,5193,5190,9176.0,,118.742769182,30.971857555,118.740915508,30.9726495520001
8359,9176,5190,5193.0,,118.742769182,30.971857555,118.745135095,30.9685013760001
8363,8364,4758,8365.0,,118.779591893,30.9422432430001,118.785463947,30.940945325
8363,4758,8364,8365.0,,118.779591893,30.9422432430001,118.780151072,30.944602473
8363,8365,4758,8364.0,,118.779591893,30.9422432430001,118.774852946,30.946473091
8364,4779,8363,4615.0,,118.785463947,30.940945325,118.78561444,30.9449172930001
8364,4615,8363,4779.0,,118.785463947,30.940945325,118.781728318,30.936102728
8364,8363,4779,4615.0,,118.785463947,30.940945325,118.779591893,30.9422432430001
8365,8363,4832,4917.0,,118.774852946,30.946473091,118.779591893,30.9422432430001
8365,4832,4917,8363.0,,118.774852946,30.946473091,118.779618277,30.9471851870001
8365,4917,8363,4832.0,,118.774852946,30.946473091,118.773475142,30.9496605640001
9001,4526,4579,4563.0,,118.778407789,30.930601649,118.773466815,30.928929752
9001,4563,4579,4526.0,,118.778407789,30.930601649,118.773508757,30.933634639
9001,4579,4563,4526.0,,118.778407789,30.930601649,118.784692677,30.93368516
9155,8345,9156,5190.0,,118.733361229,30.9709843030001,118.72985213,30.9696186910001
9155,5190,9156,8345.0,,118.733361229,30.9709843030001,118.740815597,30.9717950520001
9155,9156,8345,5190.0,,118.733361229,30.9709843030001,118.734470647,30.9667945850001
9156,9155,9158,5100.0,,118.734470647,30.9667945850001,118.733361229,30.9709843030001
9156,5100,9158,9155.0,,118.734470647,30.9667945850001,118.735476954,30.962805819
9156,9158,5100,9155.0,,118.734470647,30.9667945850001,118.729402077,30.9648330270001
9157,9159,9158,8345.0,,118.727295397,30.968541207,118.724463493,30.967314286
9157,8345,9159,9158.0,,118.727295397,30.968541207,118.72985213,30.9696186910001
9157,9158,8345,9159.0,,118.727295397,30.968541207,118.729402077,30.9648330270001
9158,9156,5120,9157.0,9160.0,118.729402077,30.9648330270001,118.734470647,30.9667945850001
9158,9157,9160,9156.0,5120.0,118.729402077,30.9648330270001,118.727295397,30.968541207
9158,9160,9157,9156.0,5120.0,118.729402077,30.9648330270001,118.726698152,30.9634882440001
9158,5120,9160,9156.0,9157.0,118.729402077,30.9648330270001,118.73109559,30.961852102
9159,8346,9157,9160.0,,118.724463493,30.967314286,118.719674,30.9634390000001
9159,9160,8346,9157.0,,118.724463493,30.967314286,118.726698152,30.9634882440001
9159,9157,8346,9160.0,,118.724463493,30.967314286,118.727295397,30.968541207
9160,9161,9158,9159.0,,118.726698152,30.9634882440001,118.732821048,30.95300501
9160,9158,9161,9159.0,,118.726698152,30.9634882440001,118.729402077,30.9648330270001
9160,9159,9161,9158.0,,118.726698152,30.9634882440001,118.724463493,30.967314286
9161,5012,4920,9160.0,,118.732821048,30.95300501,118.738645548,30.954660059
9161,4920,9160,5012.0,,118.732821048,30.95300501,118.731673147,30.9512692370001
9161,9160,5012,4920.0,,118.732821048,30.95300501,118.726698152,30.9634882440001
9162,5126,5082,9163.0,,118.748142484,30.958507082,118.748333193,30.9637270060001
9162,5082,9163,5126.0,,118.748142484,30.958507082,118.743470395,30.959165506
9162,9163,5082,5126.0,,118.748142484,30.958507082,118.748407269,30.955749192
9163,9162,5021,5010.0,9177.0,118.748407269,30.955749192,118.748142484,30.958507082
9163,9177,9162,5021.0,5010.0,118.748407269,30.955749192,118.757308975,30.9582280450001
9163,5010,5021,9177.0,9162.0,118.748407269,30.955749192,118.748829046,30.9545267240001
9163,5021,5010,9162.0,9177.0,118.748407269,30.955749192,118.743572755,30.955109684
9164,9177,4973,,,118.760074991,30.9554838130001,118.757308975,30.9582280450001
9164,4973,9177,,,118.760074991,30.9554838130001,118.763825315,30.952785773
9173,4794,4708,4920.0,,118.725274108,30.947814592,118.720732459,30.9464968670001
9173,4708,4920,4794.0,,118.725274108,30.947814592,118.729228876,30.9439322490001
9173,4920,4794,4708.0,,118.725274108,30.947814592,118.731673147,30.9512692370001
9174,5122,5190,9175.0,,118.740330187,30.967412085,118.739857954,30.963158288
9174,9175,5190,5122.0,,118.740330187,30.967412085,118.742998339,30.967663805
9174,5190,5122,9175.0,,118.740330187,30.967412085,118.740815597,30.9717950520001
9175,9176,5123,9174.0,,118.742998339,30.967663805,118.745135095,30.9685013760001
9175,5123,9176,9174.0,,118.742998339,30.967663805,118.743487199,30.9633389470001
9175,9174,5123,9176.0,,118.742998339,30.967663805,118.740330187,30.967412085
9176,8359,5126,9175.0,,118.745135095,30.9685013760001,118.742769182,30.971857555
9176,5126,9175,8359.0,,118.745135095,30.9685013760001,118.748333193,30.9637270060001
9176,9175,8359,5126.0,,118.745135095,30.9685013760001,118.742998339,30.967663805
9177,9163,9164,,,118.757308975,30.9582280450001,118.748407269,30.955749192
9177,9164,9163,,,118.757308975,30.9582280450001,118.760074991,30.9554838130001
